class_index,count,proportion
0,1321,0.239268
1,1333,0.241442
2,1422,0.257562
3,1445,0.261728
