class_index,count,proportion
0,1057,0.239357
1,1066,0.241395
2,1137,0.257473
3,1156,0.261775
